CAT_B;RealWageBand;FTE
EC139;0-1600;465,3308236
EC139;102400-204800;180,8097667
EC139;12800-25600;3495,350115
EC139;1600-3200;717,8045817
EC139;1638400-10000000;5
EC139;204800-409600;17,05012105
EC139;25600-51200;6054,690434
EC139;3200-6400;4590,481356
EC139;409600-819200;5
EC139;51200-102400;1355,992348
EC139;6400-12800;4820,066821
EC139;819200-1638400;5
EC157;0-1600;755,0160376
EC157;102400-204800;404,404421
EC157;12800-25600;5631,170011
EC157;1600-3200;1187,006728
EC157;1638400-10000000;5
EC157;204800-409600;37,31571975
EC157;25600-51200;9660,432136
EC157;3200-6400;7056,585046
EC157;409600-819200;5
EC157;51200-102400;2495,914658
EC157;6400-12800;8900,492428
EC157;819200-1638400;5
FS184;0-1600;1162,134246
FS184;102400-204800;837,7260266
FS184;12800-25600;10063,30684
FS184;1600-3200;1747,819177
FS184;1638400-10000000;5
FS184;204800-409600;67,34246582
FS184;25600-51200;15441,05477
FS184;3200-6400;9869,912316
FS184;409600-819200;5
FS184;51200-102400;4151,082189
FS184;6400-12800;10772,8356
FS184;819200-1638400;5
FS194;0-1600;658,342591
FS194;102400-204800;148,7120627
FS194;12800-25600;4374,624932
FS194;1600-3200;1755,277085
FS194;1638400-10000000;5
FS194;204800-409600;5
FS194;25600-51200;7226,91956
FS194;3200-6400;7033,006999
FS194;409600-819200;5
FS194;51200-102400;1539,074351
FS194;6400-12800;4073,226151
FS194;819200-1638400;5
FS204;0-1600;709,6407576
FS204;102400-204800;775,9822904
FS204;12800-25600;5142,335285
FS204;1600-3200;639,0601423
FS204;1638400-10000000;5
FS204;204800-409600;51,60173966
FS204;25600-51200;5823,480439
FS204;3200-6400;3788,076265
FS204;409600-819200;5
FS204;51200-102400;3153,076275
FS204;6400-12800;4339,807665
FS204;819200-1638400;5
GT421;0-1600;2690,492812
GT421;102400-204800;1907,737856
GT421;12800-25600;24050,05035
GT421;1600-3200;4227,145234
GT421;1638400-10000000;5
GT421;204800-409600;179,51814
GT421;25600-51200;25277,38092
GT421;3200-6400;20478,16872
GT421;409600-819200;27,32285862
GT421;51200-102400;11198,27318
GT421;6400-12800;23641,48215
GT421;819200-1638400;5
GT481;0-1600;2107,135436
GT481;102400-204800;1261,359174
GT481;12800-25600;16414,41885
GT481;1600-3200;3501,018945
GT481;1638400-10000000;5
GT481;204800-409600;201,4584622
GT481;25600-51200;14135,96407
GT481;3200-6400;17740,95229
GT481;409600-819200;24,68962682
GT481;51200-102400;5077,49238
GT481;6400-12800;27100,59969
GT481;819200-1638400;5
GT484;0-1600;599,3018484
GT484;102400-204800;690,5319588
GT484;12800-25600;10397,41183
GT484;1600-3200;739,1925861
GT484;1638400-10000000;5
GT484;204800-409600;109,3865209
GT484;25600-51200;10140,81035
GT484;3200-6400;3689,493179
GT484;409600-819200;5
GT484;51200-102400;2965,169913
GT484;6400-12800;4808,481961
GT484;819200-1638400;5
GT485;0-1600;1009,935198
GT485;102400-204800;781,7895419
GT485;12800-25600;8718,132765
GT485;1600-3200;851,9547684
GT485;1638400-10000000;5
GT485;204800-409600;133,2749713
GT485;25600-51200;9033,815799
GT485;3200-6400;5123,525056
GT485;409600-819200;19,12712936
GT485;51200-102400;4064,815752
GT485;6400-12800;8543,904418
GT485;819200-1638400;5
KZN216;0-1600;6764,567326
KZN216;102400-204800;377,2699412
KZN216;12800-25600;7136,770547
KZN216;1600-3200;6004,950036
KZN216;1638400-10000000;5
KZN216;204800-409600;37,10449784
KZN216;25600-51200;12437,94418
KZN216;3200-6400;17549,75522
KZN216;409600-819200;5
KZN216;51200-102400;2914,427356
KZN216;6400-12800;11299,49764
KZN216;819200-1638400;5
KZN225;0-1600;7275,013942
KZN225;102400-204800;1860,132322
KZN225;12800-25600;18729,29459
KZN225;1600-3200;6576,17034
KZN225;1638400-10000000;5
KZN225;204800-409600;221,9041653
KZN225;25600-51200;22654,88801
KZN225;3200-6400;21542,41772
KZN225;409600-819200;25,12795927
KZN225;51200-102400;8714,638502
KZN225;6400-12800;23999,833
KZN225;819200-1638400;5
KZN238;0-1600;2450,451461
KZN238;102400-204800;244,3354914
KZN238;12800-25600;5454,125211
KZN238;1600-3200;3841,276241
KZN238;1638400-10000000;5
KZN238;204800-409600;30,10684975
KZN238;25600-51200;11413,94136
KZN238;3200-6400;8337,889211
KZN238;409600-819200;5
KZN238;51200-102400;2230,333734
KZN238;6400-12800;6525,713084
KZN238;819200-1638400;5
KZN252;0-1600;4602,053665
KZN252;102400-204800;397,1614773
KZN252;12800-25600;5842,438194
KZN252;1600-3200;3267,906654
KZN252;1638400-10000000;5
KZN252;204800-409600;28,55076366
KZN252;25600-51200;9893,085555
KZN252;3200-6400;8697,85805
KZN252;409600-819200;5
KZN252;51200-102400;2686,940627
KZN252;6400-12800;7457,302927
KZN252;819200-1638400;5
KZN282;0-1600;1452,032661
KZN282;102400-204800;1618,591107
KZN282;12800-25600;10773,38207
KZN282;1600-3200;3982,99292
KZN282;1638400-10000000;5
KZN282;204800-409600;159,3428387
KZN282;25600-51200;15362,97608
KZN282;3200-6400;9966,243471
KZN282;409600-819200;24,39226715
KZN282;51200-102400;7602,76468
KZN282;6400-12800;12504,55851
KZN282;819200-1638400;5
KZN292;0-1600;2972,08907
KZN292;102400-204800;570,3817238
KZN292;12800-25600;7089,078918
KZN292;1600-3200;2370,003646
KZN292;1638400-10000000;5
KZN292;204800-409600;80,9715836
KZN292;25600-51200;6555,954054
KZN292;3200-6400;13275,23655
KZN292;409600-819200;10,97785467
KZN292;51200-102400;2271,960929
KZN292;6400-12800;16645,2478
KZN292;819200-1638400;5
LIM331;0-1600;521,9104162
LIM331;102400-204800;94,80562946
LIM331;12800-25600;1921,963568
LIM331;1600-3200;1529,502972
LIM331;1638400-10000000;5
LIM331;204800-409600;5
LIM331;25600-51200;5834,307158
LIM331;3200-6400;3638,547321
LIM331;409600-819200;5
LIM331;51200-102400;1456,019571
LIM331;6400-12800;1443,105014
LIM331;819200-1638400;5
LIM333;0-1600;1274,023185
LIM333;102400-204800;311,8888446
LIM333;12800-25600;5294,634552
LIM333;1600-3200;3343,875894
LIM333;1638400-10000000;5
LIM333;204800-409600;33,07569132
LIM333;25600-51200;10625,60141
LIM333;3200-6400;14947,44951
LIM333;409600-819200;5
LIM333;51200-102400;2527,575351
LIM333;6400-12800;10572,43066
LIM333;819200-1638400;5
LIM334;0-1600;273,8307911
LIM334;102400-204800;976,3789313
LIM334;12800-25600;2209,446526
LIM334;1600-3200;652,6850994
LIM334;1638400-10000000;5
LIM334;204800-409600;73,89342196
LIM334;25600-51200;5324,771465
LIM334;3200-6400;3179,646113
LIM334;409600-819200;11,03835618
LIM334;51200-102400;3158,042773
LIM334;6400-12800;3031,027677
LIM334;819200-1638400;5
LIM343;0-1600;755,4610932
LIM343;102400-204800;419,3109951
LIM343;12800-25600;3986,503982
LIM343;1600-3200;2658,806239
LIM343;1638400-10000000;5
LIM343;204800-409600;23,9663965
LIM343;25600-51200;16137,79721
LIM343;3200-6400;6379,752614
LIM343;409600-819200;5
LIM343;51200-102400;4527,52262
LIM343;6400-12800;4388,196177
LIM343;819200-1638400;5
LIM344;0-1600;727,8015405
LIM344;102400-204800;175,585396
LIM344;12800-25600;3734,455988
LIM344;1600-3200;1143,686158
LIM344;1638400-10000000;5
LIM344;204800-409600;16,96473135
LIM344;25600-51200;6091,845322
LIM344;3200-6400;9658,45881
LIM344;409600-819200;5
LIM344;51200-102400;1568,064409
LIM344;6400-12800;6728,279156
LIM344;819200-1638400;5
LIM354;0-1600;4459,043937
LIM354;102400-204800;1793,941087
LIM354;12800-25600;15491,95238
LIM354;1600-3200;7237,400135
LIM354;1638400-10000000;5
LIM354;204800-409600;138,5679714
LIM354;25600-51200;26610,68005
LIM354;3200-6400;22777,86709
LIM354;409600-819200;16,45916624
LIM354;51200-102400;10516,85842
LIM354;6400-12800;23927,65458
LIM354;819200-1638400;5
LIM362;0-1600;367,5699603
LIM362;102400-204800;519,2711063
LIM362;12800-25600;2828,321624
LIM362;1600-3200;409,9238843
LIM362;1638400-10000000;5
LIM362;204800-409600;25,6821912
LIM362;25600-51200;4971,135033
LIM362;3200-6400;3307,56954
LIM362;409600-819200;5
LIM362;51200-102400;3044,900682
LIM362;6400-12800;3066,481536
LIM362;819200-1638400;5
LIM367;0-1600;433,232104
LIM367;102400-204800;516,7757688
LIM367;12800-25600;4148,705934
LIM367;1600-3200;531,691282
LIM367;1638400-10000000;5
LIM367;204800-409600;91,16830954
LIM367;25600-51200;7091,763782
LIM367;3200-6400;6259,586359
LIM367;409600-819200;5
LIM367;51200-102400;2558,765486
LIM367;6400-12800;6560,967049
LIM367;819200-1638400;5
LIM476;0-1600;698,2887661
LIM476;102400-204800;1154,691755
LIM476;12800-25600;6179,949346
LIM476;1600-3200;919,2437363
LIM476;1638400-10000000;5
LIM476;204800-409600;155,7429911
LIM476;25600-51200;14490,71156
LIM476;3200-6400;6985,502713
LIM476;409600-819200;14,74834051
LIM476;51200-102400;4851,242657
LIM476;6400-12800;7995,642764
LIM476;819200-1638400;5
MP307;0-1600;1565,864747
MP307;102400-204800;3211,78491
MP307;12800-25600;11426,64737
MP307;1600-3200;2195,129072
MP307;1638400-10000000;5
MP307;204800-409600;219,8405978
MP307;25600-51200;16731,37063
MP307;3200-6400;10584,35819
MP307;409600-819200;14,02524305
MP307;51200-102400;10558,56958
MP307;6400-12800;15422,60207
MP307;819200-1638400;5
MP312;0-1600;1726,698353
MP312;102400-204800;3459,002798
MP312;12800-25600;17924,20458
MP312;1600-3200;3086,868275
MP312;1638400-10000000;5
MP312;204800-409600;304,2350711
MP312;25600-51200;16544,4853
MP312;3200-6400;18677,58573
MP312;409600-819200;43,68257027
MP312;51200-102400;13034,6132
MP312;6400-12800;20930,91721
MP312;819200-1638400;5
MP313;0-1600;1012,346347
MP313;102400-204800;1926,495453
MP313;12800-25600;16130,61434
MP313;1600-3200;2063,811436
MP313;1638400-10000000;5
MP313;204800-409600;214,1535926
MP313;25600-51200;12615,84756
MP313;3200-6400;10212,69974
MP313;409600-819200;26,24255457
MP313;51200-102400;7509,16913
MP313;6400-12800;14598,27937
MP313;819200-1638400;5
MP324;0-1600;631,0146812
MP324;102400-204800;231,5119289
MP324;12800-25600;4682,444789
MP324;1600-3200;1157,233373
MP324;1638400-10000000;5
MP324;204800-409600;36,31940031
MP324;25600-51200;7234,123597
MP324;3200-6400;12340,39986
MP324;409600-819200;11,86750108
MP324;51200-102400;1603,620764
MP324;6400-12800;6903,327108
MP324;819200-1638400;5
MP325;0-1600;1403,000955
MP325;102400-204800;155,4771992
MP325;12800-25600;3248,622511
MP325;1600-3200;431,8749137
MP325;1638400-10000000;5
MP325;204800-409600;5
MP325;25600-51200;5241,047073
MP325;3200-6400;4947,495356
MP325;409600-819200;5
MP325;51200-102400;1335,449593
MP325;6400-12800;3670,205997
MP325;819200-1638400;5
MP326;0-1600;4017,082008
MP326;102400-204800;1927,24526
MP326;12800-25600;24831,69791
MP326;1600-3200;6385,314444
MP326;1638400-10000000;5
MP326;204800-409600;189,5929603
MP326;25600-51200;33477,48621
MP326;3200-6400;44207,70525
MP326;409600-819200;24,44986405
MP326;51200-102400;11758,92095
MP326;6400-12800;34692,58515
MP326;819200-1638400;5
NC091;0-1600;1826,842328
NC091;102400-204800;815,7331371
NC091;12800-25600;9105,65994
NC091;1600-3200;2882,846835
NC091;1638400-10000000;5
NC091;204800-409600;76,41430824
NC091;25600-51200;13974,28992
NC091;3200-6400;8544,486659
NC091;409600-819200;5
NC091;51200-102400;4973,541705
NC091;6400-12800;11135,65575
NC091;819200-1638400;5
NW372;0-1600;1884,945256
NW372;102400-204800;1301,353872
NW372;12800-25600;11514,55426
NW372;1600-3200;3259,953743
NW372;1638400-10000000;5
NW372;204800-409600;182,7556024
NW372;25600-51200;13602,47696
NW372;3200-6400;14540,66321
NW372;409600-819200;18,33409734
NW372;51200-102400;5675,543427
NW372;6400-12800;16612,26068
NW372;819200-1638400;5
NW373;0-1600;3805,752237
NW373;102400-204800;3908,337174
NW373;12800-25600;36317,33993
NW373;1600-3200;15775,72052
NW373;1638400-10000000;5
NW373;204800-409600;617,6281557
NW373;25600-51200;63431,48873
NW373;3200-6400;22568,60308
NW373;409600-819200;78,24909224
NW373;51200-102400;16836,71493
NW373;6400-12800;31998,68798
NW373;819200-1638400;5
NW383;0-1600;777,547854
NW383;102400-204800;489,0487388
NW383;12800-25600;6138,027328
NW383;1600-3200;3086,047618
NW383;1638400-10000000;5
NW383;204800-409600;18,58977309
NW383;25600-51200;12575,81014
NW383;3200-6400;5334,651474
NW383;409600-819200;5
NW383;51200-102400;3941,550921
NW383;6400-12800;5455,585124
NW383;819200-1638400;5
NW403;0-1600;1520,541426
NW403;102400-204800;817,9313865
NW403;12800-25600;11716,05339
NW403;1600-3200;1810,776045
NW403;1638400-10000000;5
NW403;204800-409600;110,8797246
NW403;25600-51200;13091,89456
NW403;3200-6400;10622,17987
NW403;409600-819200;17,59452031
NW403;51200-102400;4304,508301
NW403;6400-12800;13918,49528
NW403;819200-1638400;5
NW405;0-1600;3602,599667
NW405;102400-204800;861,427945
NW405;12800-25600;9393,293037
NW405;1600-3200;2963,584152
NW405;1638400-10000000;5
NW405;204800-409600;74,61532244
NW405;25600-51200;11175,92087
NW405;3200-6400;10723,32302
NW405;409600-819200;5
NW405;51200-102400;3954,237118
NW405;6400-12800;11405,94388
NW405;819200-1638400;5
WC023;0-1600;2095,231847
WC023;102400-204800;1293,089591
WC023;12800-25600;12708,13384
WC023;1600-3200;2546,284851
WC023;1638400-10000000;5
WC023;204800-409600;252,510804
WC023;25600-51200;10453,42772
WC023;3200-6400;19047,50673
WC023;409600-819200;36,87924642
WC023;51200-102400;4241,747642
WC023;6400-12800;18442,53646
WC023;819200-1638400;5
WC024;0-1600;5630,63717
WC024;102400-204800;2189,052339
WC024;12800-25600;12874,97866
WC024;1600-3200;3686,342386
WC024;1638400-10000000;12,75399247
WC024;204800-409600;429,5883897
WC024;25600-51200;11875,64382
WC024;3200-6400;13849,27537
WC024;409600-819200;83,05603917
WC024;51200-102400;6467,90967
WC024;6400-12800;18488,65448
WC024;819200-1638400;18,76344911
WC044;0-1600;1666,547935
WC044;102400-204800;484,2325946
WC044;12800-25600;9269,678773
WC044;1600-3200;2575,634453
WC044;1638400-10000000;5
WC044;204800-409600;71,32613879
WC044;25600-51200;7031,236756
WC044;3200-6400;13376,04796
WC044;409600-819200;17,83359291
WC044;51200-102400;2395,880003
WC044;6400-12800;15062,6046
WC044;819200-1638400;5
