MUNIC_NAME;female_1996;female_2001;female_2011;female_2022;male_1996;male_2001;male_2011;male_2022;black_african_1996;black_african_2001;black_african_2011;black_african_2022;coloured_1996;coloured_2001;coloured_2011;coloured_2022;indian_or_asian_1996;indian_or_asian_2001;indian_or_asian_2011;indian_or_asian_2022;other_1996;other_2001;other_2011;other_2022;unspecified_1996;unspecified_2001;unspecified_2011;unspecified_2022;white_1996;white_2001;white_2011;white_2022;age_0_9_1996;age_0_9_2001;age_0_9_2011;age_0_9_2022;age_100_plus_1996;age_100_plus_2001;age_100_plus_2011;age_100_plus_2022;age_10_19_1996;age_10_19_2001;age_10_19_2011;age_10_19_2022;age_20_29_1996;age_20_29_2001;age_20_29_2011;age_20_29_2022;age_30_39_1996;age_30_39_2001;age_30_39_2011;age_30_39_2022;age_40_49_1996;age_40_49_2001;age_40_49_2011;age_40_49_2022;age_50_59_1996;age_50_59_2001;age_50_59_2011;age_50_59_2022;age_60_69_1996;age_60_69_2001;age_60_69_2011;age_60_69_2022;age_70_79_1996;age_70_79_2001;age_70_79_2011;age_70_79_2022;age_80_89_1996;age_80_89_2001;age_80_89_2011;age_80_89_2022;age_90_99_1996;age_90_99_2001;age_90_99_2011;age_90_99_2022;age_unspecified_1996;age_unspecified_2001;age_unspecified_2011;age_unspecified_2022;Tot_pop_1996;Tot_pop_2001;Tot_pop_2011;Tot_pop_2022
Alfred Duma;151110;183884;182426;221323;125881;155220;158125;193711;251801;316340;320579;381850;1554;2262;2420;4259;10764;11503;10613;19560;0;0;502;984;1908;0;0;6;10964;8999;6437;8375;70511;84726;85025;80109;21;49;114;46;68531;86377;76800;82038;45252;56353;61809;71828;32412;39603;40381;67551;22456;30317;28862;44790;13878;19222;22801;30674;9934;12730;14154;23920;5638;6836;7230;10444;1416;2514;2809;3039;326;377;566;582;6616;0;0;13;276991;339104;340551;415034
Ba-Phalaborwa;54134;67182;77620;98349;55599;64356;73017;90256;97615;120351;140081;175849;218;338;476;403;44;90;310;494;0;0;143;215;1283;0;0;41;10573;10759;9627;11603;24982;30050;34822;40560;5;12;38;44;24086;29070;29437;34835;20562;26065;30361;33468;15531;18729;21484;29042;10800;14008;15188;21277;5807;7841;10224;15014;2840;3601;5452;8857;1115;1596;2585;3757;379;470;861;1489;66;96;185;261;3560;0;0;1;109733;131538;150637;188605
Bushbuckridge;297535;274882;295220;407530;248276;225242;246023;343295;541189;498481;538790;747022;573;805;560;1788;144;90;543;1033;0;0;299;14;3193;0;0;12;712;748;1051;956;151737;133027;135278;167129;16;103;141;266;149407;145639;132889;147067;95510;80803;99593;128757;54466;51206;60139;113575;33077;33846;44055;77846;20844;21465;29515;55734;20347;17286;19597;36213;11128;11714;12622;15693;2770;4318;6049;6573;481;717;1365;1969;6028;0;0;3;545811;500124;541243;750825
City of Matlosana;156074;175952;199312;222153;178271;183248;199363;209074;263318;283849;322872;363561;8660;10006;13958;12582;1530;1329;3086;255;0;0;1017;631;1786;0;0;45;59051;64016;57742;54153;60092;62229;78721;76083;9;28;98;30;58922;68125;68350;73230;65850;65706;74052;71462;66386;64756;59056;71255;40300;49328;49925;53422;21547;25683;36027;40497;11200;14273;19237;28095;5125;6749;9666;12594;1407;2065;3085;4041;223;258;458;508;3284;0;0;10;334345;359200;398675;431227
City of Mbombela;243469;274623;335061;418890;231173;256023;320892;390781;428276;491482;584855;765523;3802;4653;6932;4855;2282;2065;4914;4474;0;0;1248;57;2743;0;0;274;37539;32446;58004;34488;112004;116936;132931;155140;36;88;181;164;104392;125085;127741;134453;92433;103321;143761;152600;66129;78092;98216;149365;39997;48986;68808;96764;22311;26857;43157;63404;14994;17301;22706;36766;8015;9601;12246;14425;2318;3732;5029;5332;413;647;1177;1246;11600;0;0;12;474642;530646;655953;809671
Drakenstein;94494;99210;127738;142815;91839;95207;123522;133984;29405;41510;56961;71759;121975;123963;157031;152826;459;590;997;1172;0;0;2313;4219;3321;0;0;291;31173;28354;33958;46532;37630;35976;43924;40783;6;11;124;15;36052;40132;43657;40870;36796;34753;48453;48184;30341;33056;35812;48516;19866;23471;35044;36191;12150;13678;23803;31110;7551;8129;12301;19697;3365;3845;5842;8621;1053;1177;1991;2493;122;189;309;315;1401;0;0;4;186333;194417;251260;276799
Emalahleni;113933;135700;186717;213964;122106;140712;208752;220559;176026;227321;321668;397516;3877;3954;6719;5632;1312;1093;3562;2743;0;0;1628;40;1411;0;0;377;53413;44044;61892;28215;45603;52179;70480;76377;11;29;93;27;43509;52656;61288;65273;46882;55014;91326;83404;44830;48950;66430;86459;27950;36903;48266;54422;13324;17908;34063;36132;6428;7924;14997;22530;2983;3484;6139;7332;834;1207;2002;1994;121;158;385;336;3564;0;0;237;236039;276412;395469;434523
Emfuleni;303359;335496;366799;477418;293922;322454;354862;468232;483462;552956;616095;859578;5901;6996;8356;9451;4721;5893;7077;6485;0;0;3186;1689;3776;0;0;171;99421;92105;86947;68276;112652;109995;129675;151614;31;71;150;71;115492;124874;118634;148731;121570;138326;150046;170473;97953;108465;113202;169190;69617;84972;86750;123692;38640;48484;66266;86671;22054;26308;35520;60949;10537;11701;15759;25885;3062;4126;4773;7332;407;628;886;1014;5266;0;0;28;597281;657950;721661;945650
Enoch Mgijima;123483;125258;129021;156273;107412;109322;116953;140783;209823;217300;226422;269950;10049;9161;10011;13003;433;354;1002;1623;0;0;1056;1744;991;0;0;50;9599;7765;7483;10686;51308;47476;53020;52494;20;29;86;88;59241;62285;48472;57681;39621;36908;42494;45691;26659;27013;29150;44020;18389;23182;25720;32116;13506;14775;21958;27136;10262;12576;13235;23177;7091;6502;8186;10362;2345;3315;2875;3687;342;519;778;602;2111;0;0;2;230895;234580;245974;297056
Fetakgomo Tubatse;179655;200262;226816;300302;147139;161947;202653;275659;322310;358883;423021;566758;239;328;673;1271;116;248;598;1888;0;0;385;543;2432;0;0;103;1697;2750;4792;5398;95766;95831;104354;130157;15;120;242;308;92789;105403;92333;106866;46597;54156;82991;94546;29198;35205;53877;89404;20958;26062;37605;62316;14234;17945;24757;44068;12798;13899;16706;27890;6933;8780;10526;13352;2323;3941;4590;5516;480;867;1488;1528;4703;0;0;10;326794;362209;429469;575961
George;60607;76285;98361;149957;59538;73148;95311;144967;23042;37598;54676;103110;65157;80241;97631;130942;241;357;923;1113;0;0;2306;5329;2088;0;0;59;29617;31237;38136;54371;23489;28531;34906;44514;2;4;127;24;23219;29585;32766;45667;22114;25370;34419;51540;18780;25137;28692;50300;13085;18073;25916;37838;8104;10950;17926;29237;5586;6789;11170;20544;2837;3615;5601;11056;965;1199;1896;3742;115;180;253;458;1849;0;0;4;120145;149433;193672;294924
Govan Mbeki;98720;109426;142328;154847;110903;112317;152216;155268;164497;185455;237191;277214;2369;2364;4504;2721;2402;2054;4408;3535;0;0;1265;27;1867;0;0;4;38488;31870;47176;26614;40798;43142;55911;54407;4;27;82;40;37991;42581;49035;47944;41569;43072;65052;57845;43748;40079;46264;60650;23774;29427;35131;36945;10572;13180;25709;26549;5281;6311;10863;18096;2259;2777;4680;5776;704;997;1522;1556;133;150;295;305;2790;0;0;2;209623;221743;294544;310115
Greater Giyani;121016;134122;136093;172972;97730;106604;108122;143872;217127;240082;242943;312804;52;87;168;459;55;110;612;2817;0;0;160;274;821;0;0;76;691;447;332;414;66939;62555;61329;76396;10;36;90;117;62508;73646;60493;64885;33816;38204;43497;47464;21853;24076;25908;42451;13341;18240;19698;31410;7428;9118;14369;23962;7000;7771;8770;17610;3623;4774;6800;7552;1029;1965;2626;4024;203;341;635;969;996;0;0;4;218746;240726;244215;316844
Greater Tzaneen;185508;204464;208538;255150;157038;171123;181558;223101;329670;366547;375904;464489;395;690;674;1010;221;316;1410;1995;0;0;549;391;2837;0;0;33;9423;8034;11559;10333;88945;85332;85876;102653;12;64;120;218;86174;97614;81604;84955;58768;65127;74316;75862;40429;47396;50064;73550;26024;33548;39752;53512;15863;19997;26696;41522;12383;13829;16322;27113;6993;8491;9813;12173;2103;3559;4474;5078;402;630;1059;1566;4450;0;0;49;342546;375587;390096;478251
JB Marks;80194;87114;110252;110019;76529;84317;109215;102654;110174;127534;167113;178310;7959;9485;12543;10871;896;589;1716;147;0;0;1208;478;1057;0;0;14;36637;33823;36887;22853;27663;28751;41950;36018;0;24;76;26;33144;33711;37341;35145;32505;33313;44537;37424;23336;27219;31889;35664;16403;20920;25642;26914;10734;13288;18820;19607;6563;8108;11329;13567;3504;4275;5695;6155;1214;1574;1876;1869;205;248;312;279;1452;0;0;5;156723;171431;219467;212673
King Sabata Dalindyebo;215842;227928;243760;252828;180466;188419;207948;223727;390261;412116;444771;466827;2095;2258;3403;3914;814;558;1480;1984;0;0;699;1726;1540;0;0;182;1598;1415;1355;1922;114410;109644;105173;101695;9;36;138;142;105075;118641;114133;95681;61239;64722;83720;84791;39741;40942;48926;68896;25257;31432;37025;46848;18106;18904;29069;35078;17300;18890;17260;26354;8004;9375;11119;10979;2377;3256;4221;4919;364;505;924;1124;4426;0;0;48;396308;416347;451708;476555
KwaDukuza;72277;84951;117023;168288;71479;82851;114159;156626;97930;125014;182284;231942;1322;1895;2214;3617;36054;33048;32530;60378;0;0;1272;1012;1719;0;0;31;6731;7845;12882;27934;27910;33557;47441;52847;4;11;43;43;27132;34027;40651;52980;30833;33998;52679;58525;22957;25479;36856;62069;15106;17261;23268;41866;9457;11938;14651;25922;5783;7068;9443;18033;2310;3449;4423;9611;509;890;1487;2671;82;124;240;345;1673;0;0;2;143756;167802;231182;324914
Lephalale;40515;44064;52951;62436;38201;41206;62823;62760;69637;77265;104966;115486;133;183;1023;409;43;17;345;428;0;0;319;137;666;0;0;34;8237;7805;9121;8702;20663;20034;21357;25467;0;19;43;32;18563;20411;19045;19876;13075;15044;29669;24262;10444;11642;18615;23742;6380;8022;11835;13277;3761;4503;8037;9108;2823;3150;3951;5881;1487;1611;2181;2374;471;698;820;935;106;136;221;226;943;0;0;16;78716;85270;115774;125196
Madibeng;156481;169413;223392;257664;163493;178162;253992;264901;288925;316420;426193;491047;2140;2560;4291;4522;1148;1152;2447;375;0;0;1759;663;1841;0;0;142;25920;27443;42694;25816;66999;62906;90412;93142;23;37;109;63;61560;69179;69394;83695;62389;67459;106080;90425;50305;56001;80062;95506;34390;42826;54890;68446;19613;24069;39865;43949;12161;14306;21692;29965;6613;7425;10372;12792;2218;2855;3759;3853;445;512;749;717;3258;0;0;12;319974;347575;477384;522565
Mafikeng;127933;133870;149881;180326;114204;125608;141641;174176;230985;247635;278282;345115;4551;5458;6690;6172;1325;1858;2327;314;0;0;454;363;1135;0;0;96;4141;4527;3769;2442;58178;55798;61378;69009;8;42;77;35;53878;57066;59806;64207;48766;48492;55177;67215;33574;40084;39345;53913;19478;27083;32649;40001;12238;14841;22209;30097;7664;8954;12027;19522;4670;5029;6083;7532;1421;1751;2299;2496;363;338;472;466;1899;0;0;9;242137;259478;291522;354502
Makhado;250674;273588;279237;266209;204921;220674;236793;236242;441045;481432;502121;484731;948;1235;1115;1479;988;1329;1819;3370;0;0;517;194;2585;0;0;557;10029;10266;10458;12120;128006;124067;121696;106863;19;217;302;435;120405;134780;119372;92392;70449;79048;86691;81925;46199;52972;59361;69874;30247;38746;46760;54455;18272;22705;34096;43478;20098;19595;21106;30332;12198;14479;15918;13272;4247;6374;8363;6753;884;1279;2365;2613;4571;0;0;59;455595;494262;516030;502451
Maluti-a-Phofung;191446;194540;182575;214072;161797;166009;153207;184386;346305;355208;329794;390082;402;405;682;932;233;397;777;1100;0;0;273;355;1061;0;0;109;5242;4539;4256;5880;83543;77797;75836;73593;32;93;81;66;90634;94563;72812;78161;66475;62900;62192;68357;43178;46820;40255;61502;27269;33496;33098;43348;15866;20088;24945;33902;12788;13451;15018;24825;7049;7594;7882;10755;2275;3260;2943;3250;431;487;720;688;3703;0;0;11;353243;360549;335782;398458
Matjhabeng;212749;207797;204954;228566;264012;200366;201506;210469;396816;356096;356351;386796;8974;8901;8731;10053;392;474;1457;2050;0;0;787;527;2356;0;0;79;68223;42692;39134;39530;82126;74227;77423;77188;20;26;114;45;77035;82783;70597;77172;86805;70656;81239;71720;107094;72837;57178;74576;66901;56953;51720;51479;31304;27485;38611;42055;13585;14845;17893;29285;5622;5946;8765;11652;1523;2139;2454;3427;262;266;466;429;4484;0;0;7;476761;408163;406460;439035
Merafong City;73684;89524;90365;110683;136044;120957;107156;114792;174001;175668;170896;201553;1399;1595;2128;2930;247;270;564;722;0;0;642;320;1405;0;0;64;32676;32948;23291;19886;29214;32311;33871;36716;7;18;48;15;24425;29902;28741;34177;45882;41607;41752;41626;55156;49374;34650;44690;31724;35451;29537;30056;13474;13544;18349;20220;4505;5271;6490;11859;1641;2267;2975;4685;485;644;971;1277;90;92;137;144;3125;0;0;10;209728;210481;197521;225475
Metsimaholo;51343;56715;71474;80399;55569;59234;77636;77994;75719;93989;122698;134711;468;580;1069;902;141;182;480;556;0;0;472;268;503;0;0;20;30081;21198;24391;21936;19707;20645;27842;25886;2;7;35;11;20768;23578;23926;26906;22454;23520;31753;25677;18502;19535;25226;28038;11957;13738;17868;21143;6724;8203;12017;14961;3496;4189;6621;10040;1512;1782;2821;4344;459;670;837;1220;68;82;164;164;1263;0;0;3;106912;115949;149110;158393
Mogalakwena;152461;161419;163978;197669;130069;137019;143703;180530;274921;285279;295797;362047;208;264;402;817;95;944;1644;2161;0;0;562;602;2641;0;0;56;4665;11951;9276;12516;77349;73141;72941;78973;13;75;111;196;76238;82660;68944;66716;42324;45370;52312;62060;26280;29936;34449;55640;18866;23611;26987;39771;13900;16097;21016;31463;12196;14272;15001;24957;7161;8760;10551;11828;2406;3871;4231;5415;444;645;1138;1170;5353;0;0;10;282530;298438;307681;378199
Mogale City;110171;143420;177446;216542;116271;152086;184983;221672;158002;224620;273819;369233;1664;2242;3052;3484;5173;6469;7881;10012;0;0;1734;766;1407;0;0;65;60196;62175;75943;54654;38952;47235;61105;68176;1;34;77;24;37023;48830;52378;63479;47090;64865;80392;84773;43526;55048;63659;84109;28004;39660;46381;58157;15611;21285;32190;38965;8105;11093;16131;25275;4116;5323;7193;11125;1520;1862;2529;3548;191;271;394;497;2303;0;0;86;226442;295506;362429;438214
Newcastle;153035;175811;190391;264276;134622;157172;172838;243429;249948;302578;333655;461499;2139;2245;2730;4467;10853;10129;11685;18422;0;0;885;1436;1457;0;0;106;23260;18031;14274;21775;65355;73893;79553;93222;18;41;83;43;67971;79311;77932;95078;53653;61807;72707;95748;38779;43178;46595;85848;27399;34327;33270;54883;15260;20273;27092;37241;9607;12176;15806;28666;4461;5712;7324;12578;1224;1993;2394;3774;209;272;473;616;3721;0;0;8;287657;332983;363229;507705
Nkomazi;147520;176802;206955;313842;130342;157867;186073;278082;273098;329829;384075;579754;430;596;888;1750;159;216;1316;1794;0;0;448;24;1187;0;0;171;2988;4028;6301;8431;81117;90037;92834;127055;13;58;97;131;69776;89736;95415;108685;47378;59474;81414;115910;28337;38857;49067;100768;17729;23930;32233;62706;10393;12912;19325;39881;9340;10572;11195;22931;4635;6416;7428;8963;1192;2301;3270;3773;199;376;750;1096;7753;0;0;25;277862;334669;393028;591924
Polokwane;227756;271909;326763;436510;197078;236367;302231;406946;393449;469693;584153;790543;3066;4198;5817;6346;2377;3146;4632;8965;0;0;1529;1563;2446;0;0;244;23496;31239;32863;35795;111066;117573;130707;160196;21;107;222;342;105015;126624;126071;147988;71463;88725;132136;153240;49605;66097;86672;130801;33093;45510;64412;94165;21309;28114;42544;71764;15759;18975;25102;49653;9214;10876;13990;23610;3258;4767;5589;9427;693;908;1549;2263;4338;0;0;7;424834;508276;628994;843456
Rand West City;90555;111292;125018;166048;132745;127347;136035;168729;171459;186731;205419;282458;12495;13699;15367;21647;218;377;988;1285;0;0;1469;836;1974;0;0;181;37154;37832;37810;28370;33462;39573;45390;55203;7;16;56;31;27914;35841;39070;50540;46783;49085;55968;65747;56147;49693;44919;63767;33017;36828;35742;43833;13948;16192;24204;28605;5991;7183;9905;17712;2788;3124;4271;6945;969;948;1332;2089;120;156;196;299;2154;0;0;6;223300;238639;261053;334777
Ray Nkonyeni;129220;147093;163442;190152;109527;125504;145231;171981;194952;237146;262920;300435;2518;2642;3776;4828;12989;10699;13270;20397;0;0;576;631;1405;0;0;83;26883;22110;28131;35759;54236;58946;63208;63874;16;44;83;48;54436;66007;61807;64124;39526;47294;60535;60962;29107;32790;40279;58076;20912;24787;28984;40233;14657;17806;22779;29266;13658;13779;16667;25100;6766;8111;10093;14328;2273;2642;3645;5220;344;391;593;898;2816;0;0;4;238747;272597;308673;362133
Rustenburg;142480;177377;247778;269858;169305;209718;301790;292455;270788;336689;486410;528257;1809;2550;4861;4419;2307;1912;4213;616;0;0;2247;1315;2170;0;0;407;34711;45944;51837;27299;56243;66361;97206;95148;14;32;124;40;48758;63377;75033;82406;64365;78237;125547;98921;67164;78578;103738;117643;37162;54997;73921;81037;18185;24497;44898;48421;9641;12136;17605;25735;5104;6139;7949;9355;1856;2325;2918;2867;408;416;629;498;2885;0;0;242;311785;387095;549568;562313
Sol Plaatje;106578;105512;127830;140707;98521;96732;120212;129372;106252;110045;151918;167311;64059;64307;67922;75403;1778;1612;2949;3426;0;0;6590;414;3332;0;0;53;29678;26280;18663;23472;41720;37393;48460;46881;11;23;76;19;43225;42681;44831;48770;37424;35607;47105;44339;30764;30919;37152;42654;21845;24302;28718;34021;13206;15185;21115;25573;8691;9380;11952;16818;4449;4820;6125;7851;1465;1690;2174;2689;229;244;334;447;2070;0;0;17;205099;202244;248042;270079
Stellenbosch;53101;61143;79559;90338;50887;57566;76174;85071;16141;24249;43716;64903;58595;68318;81360;66314;259;240;622;840;0;0;1291;2448;2088;0;0;85;26905;25902;28744;40819;18076;19773;24552;24135;2;3;74;9;20710;23692;26410;25462;24786;26451;38698;38141;14716;18447;22262;31541;10553;13344;18948;22448;6923;8628;12945;16704;4138;5154;7173;10477;1911;2329;3314;4715;704;770;1175;1544;80;118;182;227;1389;0;0;6;103988;118709;155733;175409
Steve Tshwete;66826;72182;110423;121726;68508;70594;119409;120304;91223;114375;169047;208037;3515;3545;5987;4518;1889;1313;3700;2511;0;0;912;101;969;0;0;7;37738;23543;50186;26856;25936;27664;40352;38309;2;9;58;31;26083;29359;36127;35788;26717;27208;49748;45431;24127;24358;38119;48701;15314;17679;29300;31202;7511;9106;20394;21828;3955;4323;9816;13655;1931;2149;4217;5348;611;781;1430;1537;75;140;271;199;3072;0;0;1;135334;142776;229832;242030
The Msunduzi;276762;293802;324082;427418;247503;259032;294454;390309;381099;424654;501506;635994;16095;18406;17758;24215;68115;64820;60591;113400;0;0;1821;2662;2804;0;0;212;56152;44954;36860;41244;100055;103948;111331;125662;34;67;189;98;107811;118654;115320;130474;112622;112531;136174;148246;77990;81688;94699;154688;53605;58672;65694;104915;31029;37585;46633;70629;21182;22867;28961;50047;10489;12201;13517;24236;3305;4044;5173;7366;518;577;845;1357;5625;0;0;9;524265;552834;618536;817727
Thulamela;295019;321993;339810;307632;238737;259492;278648;268295;528547;579183;614078;568000;216;282;402;715;826;1571;3049;6390;0;0;488;187;3671;0;0;162;496;449;441;473;158209;150856;148401;125981;32;148;279;503;142054;164394;149485;106339;84344;96408;110993;100343;54087;60562;68611;78399;32081;41919;53402;60568;19011;23959;37237;48279;21506;19888;22756;31601;12708;16109;15444;13981;3793;6129;9563;6642;695;1113;2287;3283;5236;0;0;8;533756;581485;618458;575927
uMhlathuze;101482;149217;171520;212166;95408;139970;162940;199907;153963;250059;293356;361147;1441;2506;3173;3617;8057;9833;12650;15284;0;0;717;1012;5056;0;0;45;28373;26789;24564;30968;43857;63655;67079;70211;4;25;99;60;43558;65028;66339;71218;41169;61587;79884;76273;30084;43132;51153;80400;18325;28802;31663;51229;8969;14378;21165;31411;5200;7532;10300;20552;2076;3745;4551;7756;599;1088;1881;2396;129;215;346;554;2920;0;0;13;196890;289187;334460;412073
