CAT_B;TaxYear;FTE
EC139;2014;21064
EC139;2015;21304
EC139;2016;20822
EC139;2017;20740
EC139;2018;19720
EC139;2019;20585
EC139;2020;21541
EC139;2021;22782
EC139;2022;22045
EC139;2023;21568
EC139;2024;21750
EC139;2025;21702
EC157;2014;31264
EC157;2015;34062
EC157;2016;33009
EC157;2017;32152
EC157;2018;33585
EC157;2019;34812
EC157;2020;35723
EC157;2021;36562
EC157;2022;36824
EC157;2023;37064
EC157;2024;40471
EC157;2025;36130
FS184;2014;61871
FS184;2015;60259
FS184;2016;59179
FS184;2017;59618
FS184;2018;58833
FS184;2019;59150
FS184;2020;59875
FS184;2021;58665
FS184;2022;59193
FS184;2023;56842
FS184;2024;56707
FS184;2025;54126
FS194;2014;27910
FS194;2015;29139
FS194;2016;28887
FS194;2017;28280
FS194;2018;28898
FS194;2019;29253
FS194;2020;29870
FS194;2021;27968
FS194;2022;27726
FS194;2023;27130
FS194;2024;27006
FS194;2025;26817
FS204;2014;27433
FS204;2015;26966
FS204;2016;26071
FS204;2017;26348
FS204;2018;25833
FS204;2019;26676
FS204;2020;27816
FS204;2021;25188
FS204;2022;25209
FS204;2023;26352
FS204;2024;26647
FS204;2025;24432
GT421;2014;112011
GT421;2015;110573
GT421;2016;109040
GT421;2017;112047
GT421;2018;111607
GT421;2019;114270
GT421;2020;116621
GT421;2021;108140
GT421;2022;109257
GT421;2023;110687
GT421;2024;113456
GT421;2025;113682
GT481;2014;75908
GT481;2015;76797
GT481;2016;78835
GT481;2017;82140
GT481;2018;84746
GT481;2019;87660
GT481;2020;88473
GT481;2021;87224
GT481;2022;84290
GT481;2023;87958
GT481;2024;88035
GT481;2025;87577
GT484;2014;44831
GT484;2015;41021
GT484;2016;41337
GT484;2017;41639
GT484;2018;35577
GT484;2019;35256
GT484;2020;35520
GT484;2021;35272
GT484;2022;35520
GT484;2023;34767
GT484;2024;34087
GT484;2025;34149
GT485;2014;50143
GT485;2015;49623
GT485;2016;49974
GT485;2017;51224
GT485;2018;45707
GT485;2019;44038
GT485;2020;44799
GT485;2021;42842
GT485;2022;43921
GT485;2023;43331
GT485;2024;41003
GT485;2025;38283
KZN216;2014;56838
KZN216;2015;58414
KZN216;2016;58673
KZN216;2017;59430
KZN216;2018;59117
KZN216;2019;57742
KZN216;2020;61535
KZN216;2021;60861
KZN216;2022;63595
KZN216;2023;67863
KZN216;2024;68812
KZN216;2025;64526
KZN225;2014;107534
KZN225;2015;108548
KZN225;2016;111242
KZN225;2017;110283
KZN225;2018;109621
KZN225;2019;110304
KZN225;2020;113163
KZN225;2021;108695
KZN225;2022;113520
KZN225;2023;116062
KZN225;2024;115875
KZN225;2025;111605
KZN238;2014;36850
KZN238;2015;36764
KZN238;2016;37861
KZN238;2017;38036
KZN238;2018;37946
KZN238;2019;38926
KZN238;2020;40610
KZN238;2021;40374
KZN238;2022;42334
KZN238;2023;43375
KZN238;2024;43290
KZN238;2025;40531
KZN252;2014;43921
KZN252;2015;42725
KZN252;2016;42717
KZN252;2017;39986
KZN252;2018;43660
KZN252;2019;41695
KZN252;2020;42715
KZN252;2021;42098
KZN252;2022;43229
KZN252;2023;44681
KZN252;2024;46327
KZN252;2025;42876
KZN282;2014;61908
KZN282;2015;61983
KZN282;2016;61442
KZN282;2017;58833
KZN282;2018;60277
KZN282;2019;60573
KZN282;2020;64982
KZN282;2021;63988
KZN282;2022;65296
KZN282;2023;66232
KZN282;2024;69024
KZN282;2025;63454
KZN292;2014;38283
KZN292;2015;37799
KZN292;2016;38729
KZN292;2017;39251
KZN292;2018;40392
KZN292;2019;40923
KZN292;2020;42695
KZN292;2021;43625
KZN292;2022;47231
KZN292;2023;51409
KZN292;2024;54520
KZN292;2025;51844
LIM331;2014;15849
LIM331;2015;15468
LIM331;2016;14446
LIM331;2017;14223
LIM331;2018;14405
LIM331;2019;14512
LIM331;2020;16181
LIM331;2021;16304
LIM331;2022;16702
LIM331;2023;16894
LIM331;2024;16927
LIM331;2025;16443
LIM333;2014;40995
LIM333;2015;43148
LIM333;2016;42247
LIM333;2017;43430
LIM333;2018;43549
LIM333;2019;45641
LIM333;2020;47782
LIM333;2021;47470
LIM333;2022;49579
LIM333;2023;49470
LIM333;2024;50466
LIM333;2025;48934
LIM334;2014;20237
LIM334;2015;20649
LIM334;2016;19162
LIM334;2017;19783
LIM334;2018;19096
LIM334;2019;19816
LIM334;2020;19816
LIM334;2021;19428
LIM334;2022;18682
LIM334;2023;18949
LIM334;2024;20005
LIM334;2025;18893
LIM343;2014;40098
LIM343;2015;40542
LIM343;2016;38189
LIM343;2017;37257
LIM343;2018;37083
LIM343;2019;37705
LIM343;2020;39175
LIM343;2021;38936
LIM343;2022;39355
LIM343;2023;39710
LIM343;2024;40751
LIM343;2025;39279
LIM344;2014;25794
LIM344;2015;26408
LIM344;2016;26191
LIM344;2017;27181
LIM344;2018;28024
LIM344;2019;29743
LIM344;2020;30230
LIM344;2021;30670
LIM344;2022;30718
LIM344;2023;32387
LIM344;2024;32204
LIM344;2025;29852
LIM354;2014;107625
LIM354;2015;105800
LIM354;2016;109384
LIM354;2017;109028
LIM354;2018;107614
LIM354;2019;109224
LIM354;2020;113509
LIM354;2021;111829
LIM354;2022;112855
LIM354;2023;116244
LIM354;2024;117221
LIM354;2025;112974
LIM362;2014;17632
LIM362;2015;17894
LIM362;2016;20249
LIM362;2017;20453
LIM362;2018;22452
LIM362;2019;22684
LIM362;2020;20184
LIM362;2021;19257
LIM362;2022;18295
LIM362;2023;17606
LIM362;2024;18686
LIM362;2025;18542
LIM367;2014;28231
LIM367;2015;27743
LIM367;2016;26345
LIM367;2017;25413
LIM367;2018;26930
LIM367;2019;26494
LIM367;2020;27716
LIM367;2021;27769
LIM367;2022;28590
LIM367;2023;29367
LIM367;2024;29580
LIM367;2025;28203
LIM476;2014;37979
LIM476;2015;40589
LIM476;2016;39006
LIM476;2017;37212
LIM476;2018;39196
LIM476;2019;38893
LIM476;2020;40249
LIM476;2021;37410
LIM476;2022;38668
LIM476;2023;40633
LIM476;2024;43581
LIM476;2025;43450
MP307;2014;76663
MP307;2015;77433
MP307;2016;72792
MP307;2017;74227
MP307;2018;77167
MP307;2019;78130
MP307;2020;74881
MP307;2021;69271
MP307;2022;74584
MP307;2023;78960
MP307;2024;78789
MP307;2025;71933
MP312;2014;101647
MP312;2015;100372
MP312;2016;95345
MP312;2017;91859
MP312;2018;96364
MP312;2019;99398
MP312;2020;102847
MP312;2021;101381
MP312;2022;99498
MP312;2023;101529
MP312;2024;109138
MP312;2025;95741
MP313;2014;59299
MP313;2015;60526
MP313;2016;56461
MP313;2017;58692
MP313;2018;59039
MP313;2019;61404
MP313;2020;64166
MP313;2021;62058
MP313;2022;64055
MP313;2023;63472
MP313;2024;66871
MP313;2025;66317
MP324;2014;32329
MP324;2015;32555
MP324;2016;32056
MP324;2017;30982
MP324;2018;32348
MP324;2019;33962
MP324;2020;34767
MP324;2021;34292
MP324;2022;35309
MP324;2023;34682
MP324;2024;35107
MP324;2025;34832
MP325;2014;15786
MP325;2015;18378
MP325;2016;16955
MP325;2017;16321
MP325;2018;16990
MP325;2019;17777
MP325;2020;19253
MP325;2021;20522
MP325;2022;21982
MP325;2023;19170
MP325;2024;20094
MP325;2025;20438
MP326;2014;137032
MP326;2015;139969
MP326;2016;143622
MP326;2017;146222
MP326;2018;147734
MP326;2019;148308
MP326;2020;153879
MP326;2021;158224
MP326;2022;158289
MP326;2023;161517
MP326;2024;165866
MP326;2025;161518
NC091;2014;51280
NC091;2015;52686
NC091;2016;52370
NC091;2017;51475
NC091;2018;50845
NC091;2019;50956
NC091;2020;53117
NC091;2021;52550
NC091;2022;52777
NC091;2023;54531
NC091;2024;56023
NC091;2025;53345
NW372;2014;59537
NW372;2015;62490
NW372;2016;63504
NW372;2017;61214
NW372;2018;61207
NW372;2019;64106
NW372;2020;65498
NW372;2021;63994
NW372;2022;65226
NW372;2023;67597
NW372;2024;68843
NW372;2025;68598
NW373;2014;201119
NW373;2015;197047
NW373;2016;194172
NW373;2017;184615
NW373;2018;175851
NW373;2019;176602
NW373;2020;180139
NW373;2021;180929
NW373;2022;205628
NW373;2023;208269
NW373;2024;192108
NW373;2025;195347
NW383;2014;44051
NW383;2015;42599
NW383;2016;40096
NW383;2017;35922
NW383;2018;35838
NW383;2019;37049
NW383;2020;37007
NW383;2021;38702
NW383;2022;39881
NW383;2023;39902
NW383;2024;39742
NW383;2025;37819
NW403;2014;57523
NW403;2015;54957
NW403;2016;54809
NW403;2017;54752
NW403;2018;54850
NW403;2019;60448
NW403;2020;62444
NW403;2021;60652
NW403;2022;61797
NW403;2023;61523
NW403;2024;61639
NW403;2025;57933
NW405;2014;46796
NW405;2015;51084
NW405;2016;49178
NW405;2017;50068
NW405;2018;51227
NW405;2019;53130
NW405;2020;56417
NW405;2021;53771
NW405;2022;56483
NW405;2023;56835
NW405;2024;56544
NW405;2025;54163
WC023;2014;52159
WC023;2015;53286
WC023;2016;56355
WC023;2017;59838
WC023;2018;61919
WC023;2019;62727
WC023;2020;67314
WC023;2021;64840
WC023;2022;67032
WC023;2023;69911
WC023;2024;70024
WC023;2025;71126
WC024;2014;56986
WC024;2015;59476
WC024;2016;61558
WC024;2017;64767
WC024;2018;67848
WC024;2019;70692
WC024;2020;67176
WC024;2021;67276
WC024;2022;69959
WC024;2023;70156
WC024;2024;73514
WC024;2025;75607
WC044;2014;38578
WC044;2015;39888
WC044;2016;41474
WC044;2017;43319
WC044;2018;44167
WC044;2019;46476
WC044;2020;48612
WC044;2021;47509
WC044;2022;48532
WC044;2023;49867
WC044;2024;52404
WC044;2025;51957
